active,activePerOneMillion,cases,casesPerOneMillion,continent,country,countryInfo,critical,criticalPerOneMillion,deaths,deathsPerOneMillion,oneCasePerPeople,oneDeathPerPeople,oneTestPerPeople,population,recovered,recoveredPerOneMillion,tests,testsPerOneMillion,todayCases,todayDeaths,todayRecovered,updated
15098,370.46,234174,5746,Asia,Afghanistan,"{""_id"": 4, ""iso2"": ""AF"", ""iso3"": ""AFG"", ""lat"": 33, ""long"": 65, ""flag"": ""https://disease.sh/assets/img/flags/af.png""}",0,0,7996,196,174,5097,29,40754388,211080,5179.32,1390730,34125,0,0,0,1784464632992
1025,357.59,334863,116825,Europe,Albania,"{""_id"": 8, ""iso2"": ""AL"", ""iso3"": ""ALB"", ""lat"": 41, ""long"": 20, ""flag"": ""https://disease.sh/assets/img/flags/al.png""}",0,0,3605,1258,9,795,1,2866374,330233,115209.32,1941032,677173,0,0,0,1784464632985
82068,1809.65,272010,5998,Africa,Algeria,"{""_id"": 12, ""iso2"": ""DZ"", ""iso3"": ""DZA"", ""lat"": 28, ""long"": 3, ""flag"": ""https://disease.sh/assets/img/flags/dz.png""}",0,0,6881,152,167,6591,196,45350148,183061,4036.61,230960,5093,0,0,0,1784464632988
47850,617714.26,48015,619844,Europe,Andorra,"{""_id"": 20, ""iso2"": ""AD"", ""iso3"": ""AND"", ""lat"": 42.5, ""long"": 1.6, ""flag"": ""https://disease.sh/assets/img/flags/ad.png""}",0,0,165,2130,2,469,0,77463,0,0,249838,3225256,0,0,0,1784464633040
1971,56.27,107327,3064,Africa,Angola,"{""_id"": 24, ""iso2"": ""AO"", ""iso3"": ""AGO"", ""lat"": -12.5, ""long"": 18.5, ""flag"": ""https://disease.sh/assets/img/flags/ao.png""}",0,0,1937,55,326,18083,23,35027343,103419,2952.52,1499795,42818,0,0,0,1784464633013
3892,255548.26,3904,256336,North America,Anguilla,"{""_id"": 660, ""iso2"": ""AI"", ""iso3"": ""AIA"", ""lat"": 18.25, ""long"": -63.1667, ""flag"": ""https://disease.sh/assets/img/flags/ai.png""}",0,0,12,788,4,1269,0,15230,0,0,51382,3373736,0,0,0,1784464633113
6,60.3,9106,91509,North America,Antigua and Barbuda,"{""_id"": 28, ""iso2"": ""AG"", ""iso3"": ""ATG"", ""lat"": 17.05, ""long"": -61.8, ""flag"": ""https://disease.sh/assets/img/flags/ag.png""}",0,0,146,1467,11,682,5,99509,8954,89981.81,18901,189943,0,0,0,1784464633101
746,16.21,10128845,220143,South America,Argentina,"{""_id"": 32, ""iso2"": ""AR"", ""iso3"": ""ARG"", ""lat"": -34, ""long"": -64, ""flag"": ""https://disease.sh/assets/img/flags/ar.png""}",0,0,130841,2844,5,352,1,46010234,9997258,217283.35,35716069,776264,0,0,0,1784464632877
7892,2655.48,451831,152031,Asia,Armenia,"{""_id"": 51, ""iso2"": ""AM"", ""iso3"": ""ARM"", ""lat"": 40, ""long"": 45, ""flag"": ""https://disease.sh/assets/img/flags/am.png""}",0,0,8777,2953,7,339,1,2971966,435162,146422.27,3242901,1091164,0,0,0,1784464632978
1494,13883.6,44224,410969,North America,Aruba,"{""_id"": 533, ""iso2"": ""AW"", ""iso3"": ""ABW"", ""lat"": 12.5, ""long"": -69.9667, ""flag"": ""https://disease.sh/assets/img/flags/aw.png""}",2,18.59,292,2714,2,369,1,107609,42438,394372.22,177885,1653068,0,0,0,1784464633042
8716,334.35,11853144,454687,Australia-Oceania,Australia,"{""_id"": 36, ""iso2"": ""AU"", ""iso3"": ""AUS"", ""lat"": -27, ""long"": 133, ""flag"": ""https://disease.sh/assets/img/flags/au.png""}",3,0.12,24414,937,2,1068,0,26068792,11820014,453416.25,81916639,3142326,0,0,0,1784464632873
3811,420.33,6081287,670727,Europe,Austria,"{""_id"": 40, ""iso2"": ""AT"", ""iso3"": ""AUT"", ""lat"": 47.3333, ""long"": 13.3333, ""flag"": ""https://disease.sh/assets/img/flags/at.png""}",0,0,22542,2486,1,402,0,9066710,6054934,667820.41,211273524,23302116,0,0,0,1784464632889
745,72.33,835234,81089,Asia,Azerbaijan,"{""_id"": 31, ""iso2"": ""AZ"", ""iso3"": ""AZE"", ""lat"": 40.5, ""long"": 47.5, ""flag"": ""https://disease.sh/assets/img/flags/az.png""}",0,0,10400,1010,12,990,1,10300205,824089,80007.05,7748050,752223,0,0,0,1784464632957
874,2182.18,38084,95087,North America,Bahamas,"{""_id"": 44, ""iso2"": ""BS"", ""iso3"": ""BHS"", ""lat"": 24.25, ""long"": -76, ""flag"": ""https://disease.sh/assets/img/flags/bs.png""}",1,2.5,844,2107,11,475,2,400516,36366,90797.87,257839,643767,0,0,0,1784464633048
60,33.63,729549,408944,Asia,Bahrain,"{""_id"": 48, ""iso2"": ""BH"", ""iso3"": ""BHR"", ""lat"": 26, ""long"": 50.55, ""flag"": ""https://disease.sh/assets/img/flags/bh.png""}",0,0,1574,882,2,1133,0,1783983,727915,408027.99,10948549,6137138,0,0,0,1784464632958
2019884,12031.31,2049377,12207,Asia,Bangladesh,"{""_id"": 50, ""iso2"": ""BD"", ""iso3"": ""BGD"", ""lat"": 24, ""long"": 90, ""flag"": ""https://disease.sh/assets/img/flags/bd.png""}",0,0,29493,176,82,5692,11,167885689,0,0,15254399,90862,0,0,0,1784464632923
1283,4454.51,110578,383921,North America,Barbados,"{""_id"": 52, ""iso2"": ""BB"", ""iso3"": ""BRB"", ""lat"": 13.1667, ""long"": -59.5333, ""flag"": ""https://disease.sh/assets/img/flags/bb.png""}",0,0,648,2250,3,444,0,288023,108647,377216.4,814159,2826715,0,0,0,1784464633012
1327,140.68,994037,105381,Europe,Belarus,"{""_id"": 112, ""iso2"": ""BY"", ""iso3"": ""BLR"", ""lat"": 53, ""long"": 28, ""flag"": ""https://disease.sh/assets/img/flags/by.png""}",0,0,7118,755,9,1325,1,9432800,985592,104485.62,13646641,1446722,0,0,0,1784464632951
521,44.65,4861695,416659,Europe,Belgium,"{""_id"": 56, ""iso2"": ""BE"", ""iso3"": ""BEL"", ""lat"": 50.8333, ""long"": 4, ""flag"": ""https://disease.sh/assets/img/flags/be.png""}",0,0,34376,2946,2,339,0,11668278,4826798,413668.41,37454182,3209915,0,0,50,1784464632897
70721,171573.79,71409,173243,North America,Belize,"{""_id"": 84, ""iso2"": ""BZ"", ""iso3"": ""BLZ"", ""lat"": 17.25, ""long"": -88.75, ""flag"": ""https://disease.sh/assets/img/flags/bz.png""}",0,0,688,1669,6,599,1,412190,0,0,576016,1397453,0,0,0,1784464633027
26,2.03,28036,2193,Africa,Benin,"{""_id"": 204, ""iso2"": ""BJ"", ""iso3"": ""BEN"", ""lat"": 9.5, ""long"": 2.25, ""flag"": ""https://disease.sh/assets/img/flags/bj.png""}",0,0,163,13,456,78434,21,12784726,27847,2178.15,604310,47268,0,0,0,1784464633056
10,161.45,18860,304493,North America,Bermuda,"{""_id"": 60, ""iso2"": ""BM"", ""iso3"": ""BMU"", ""lat"": 32.3333, ""long"": -64.75, ""flag"": ""https://disease.sh/assets/img/flags/bm.png""}",0,0,165,2664,3,375,0,61939,18685,301667.77,1029558,16622128,0,0,0,1784464633069
1112,1411.27,62697,79571,Asia,Bhutan,"{""_id"": 64, ""iso2"": ""BT"", ""iso3"": ""BTN"", ""lat"": 27.5, ""long"": 90.5, ""flag"": ""https://disease.sh/assets/img/flags/bt.png""}",0,0,21,27,13,37521,0,787941,61564,78132.75,2303734,2923739,0,0,0,1784464633035
12579,1048.89,1212131,101073,South America,Bolivia,"{""_id"": 68, ""iso2"": ""BO"", ""iso3"": ""BOL"", ""lat"": -17, ""long"": -65, ""flag"": ""https://disease.sh/assets/img/flags/bo.png""}",220,18.34,22407,1868,10,535,4,11992656,1177145,98155.49,2710261,225993,0,0,0,1784464632940
8143,2506.07,403615,124215,Europe,Bosnia,"{""_id"": 70, ""iso2"": ""BA"", ""iso3"": ""BIH"", ""lat"": 44, ""long"": 18, ""flag"": ""https://disease.sh/assets/img/flags/ba.png""}",0,0,16388,5044,8,198,2,3249317,379084,116665.75,1884721,580036,0,0,0,1784464632979
788,322.8,330638,135443,Africa,Botswana,"{""_id"": 72, ""iso2"": ""BW"", ""iso3"": ""BWA"", ""lat"": -22, ""long"": 24, ""flag"": ""https://disease.sh/assets/img/flags/bw.png""}",1,0.41,2801,1147,7,872,1,2441162,327049,133972.67,2026898,830300,0,0,0,1784464632986
1783377,8281.16,38743918,179908,South America,Brazil,"{""_id"": 76, ""iso2"": ""BR"", ""iso3"": ""BRA"", ""lat"": -10, ""long"": -55, ""flag"": ""https://disease.sh/assets/img/flags/br.png""}",0,0,711380,3303,6,303,3,215353593,36249161,168323.92,63776166,296146,0,0,0,1784464632862
7328,239508.43,7392,241600,North America,British Virgin Islands,"{""_id"": 92, ""iso2"": ""VG"", ""iso3"": ""VGB"", ""lat"": 18.5, ""long"": -64.5, ""flag"": ""https://disease.sh/assets/img/flags/vg.png""}",0,0,64,2092,4,478,0,30596,0,0,107339,3508269,0,0,0,1784464633104
99893,224261.45,343719,771655,Asia,Brunei,"{""_id"": 96, ""iso2"": ""BN"", ""iso3"": ""BRN"", ""lat"": 4.5, ""long"": 114.6667, ""flag"": ""https://disease.sh/assets/img/flags/bn.png""}",3,6.74,225,505,1,1980,1,445431,243601,546888.29,717784,1611437,0,0,0,1784464632984
8159,1192.04,1339851,195753,Europe,Bulgaria,"{""_id"": 100, ""iso2"": ""BG"", ""iso3"": ""BGR"", ""lat"": 43, ""long"": 25, ""flag"": ""https://disease.sh/assets/img/flags/bg.png""}",22,3.21,38748,5661,5,177,1,6844597,1292944,188899.95,11671043,1705147,0,0,0,1784464632934
118,5.34,22114,1001,Africa,Burkina Faso,"{""_id"": 854, ""iso2"": ""BF"", ""iso3"": ""BFA"", ""lat"": 13, ""long"": -2, ""flag"": ""https://disease.sh/assets/img/flags/bf.png""}",0,0,400,18,999,55257,89,22102838,21596,977.07,248995,11265,0,0,0,1784464633064
1114,88.24,54721,4334,Africa,Burundi,"{""_id"": 108, ""iso2"": ""BI"", ""iso3"": ""BDI"", ""lat"": -3.5, ""long"": 30, ""flag"": ""https://disease.sh/assets/img/flags/bi.png""}",0,0,38,3,231,332233,37,12624840,53569,4243.14,345742,27386,0,0,0,1784464633037
305,537.28,64477,113580,Africa,Cabo Verde,"{""_id"": 132, ""iso2"": ""CV"", ""iso3"": ""CPV"", ""lat"": 16, ""long"": -24, ""flag"": ""https://disease.sh/assets/img/flags/cv.png""}",23,40.52,417,735,9,1361,1,567678,63755,112308.39,401622,707482,0,0,0,1784464633030
3,0.17,139103,8102,Asia,Cambodia,"{""_id"": 116, ""iso2"": ""KH"", ""iso3"": ""KHM"", ""lat"": 13, ""long"": 105, ""flag"": ""https://disease.sh/assets/img/flags/kh.png""}",0,0,3056,178,123,5618,6,17168639,136044,7923.98,3091420,180062,0,0,0,1784464633008
125,4.48,125379,4492,Africa,Cameroon,"{""_id"": 120, ""iso2"": ""CM"", ""iso3"": ""CMR"", ""lat"": 6, ""long"": 12, ""flag"": ""https://disease.sh/assets/img/flags/cm.png""}",0,0,1974,71,223,14140,16,27911548,123280,4416.81,1751774,62762,0,0,0,1784464633010
5744,149.63,4946090,128843,North America,Canada,"{""_id"": 124, ""iso2"": ""CA"", ""iso3"": ""CAN"", ""lat"": 60, ""long"": -95, ""flag"": ""https://disease.sh/assets/img/flags/ca.png""}",99,2.58,59034,1538,8,650,1,38388419,4881312,127155.85,66572774,1734189,0,0,350,1784464632896
1168,43832.33,11682,438398,North America,Caribbean Netherlands,"{""_id"": 535, ""iso2"": ""BQ"", ""iso3"": ""BES"", ""lat"": 12.2, ""long"": -68.26, ""flag"": ""https://disease.sh/assets/img/flags/bq.png""}",0,0,38,1426,2,701,1,26647,10476,393139.94,30126,1130559,0,0,0,1784464633091
22882,340116.24,31472,467797,North America,Cayman Islands,"{""_id"": 136, ""iso2"": ""KY"", ""iso3"": ""CYM"", ""lat"": 19.5, ""long"": -80.5, ""flag"": ""https://disease.sh/assets/img/flags/ky.png""}",1,14.86,37,550,2,1818,0,67277,8553,127131.11,222773,3311280,0,0,0,1784464633054
127,25.32,15440,3078,Africa,Central African Republic,"{""_id"": 140, ""iso2"": ""CF"", ""iso3"": ""CAF"", ""lat"": 7, ""long"": 21, ""flag"": ""https://disease.sh/assets/img/flags/cf.png""}",2,0.4,113,23,325,44395,62,5016678,15200,3029.89,81294,16205,0,0,0,1784464633084
2633,151.2,7701,442,Africa,Chad,"{""_id"": 148, ""iso2"": ""TD"", ""iso3"": ""TCD"", ""lat"": 15, ""long"": 19, ""flag"": ""https://disease.sh/assets/img/flags/td.png""}",0,0,194,11,2261,89761,91,17413580,4874,279.9,191341,10988,0,0,0,1784464633103
168,952.04,101717,576421,Europe,Channel Islands,"{""_id"": 832, ""iso2"": ""JE"", ""iso3"": ""JEY"", ""lat"": 49.21, ""long"": -2.13, ""flag"": ""https://disease.sh/assets/img/flags/je.png""}",0,0,228,1292,2,774,0,176463,101321,574177.02,1252808,7099551,0,0,0,1784464633014
67906,3527.55,5384853,279730,South America,Chile,"{""_id"": 152, ""iso2"": ""CL"", ""iso3"": ""CHL"", ""lat"": -30, ""long"": -71, ""flag"": ""https://disease.sh/assets/img/flags/cl.png""}",7,0.36,64497,3350,4,298,0,19250195,5252450,272851.78,50382097,2617225,0,0,0,1784464632893
118977,82.14,503302,347,Asia,China,"{""_id"": 156, ""iso2"": ""CN"", ""iso3"": ""CHN"", ""lat"": 35, ""long"": 105, ""flag"": ""https://disease.sh/assets/img/flags/cn.png""}",0,0,5272,4,2878,274748,9,1448471400,379053,261.69,160000000,110461,0,0,0,1784464633127
44821,870.1,6400173,124244,South America,Colombia,"{""_id"": 170, ""iso2"": ""CO"", ""iso3"": ""COL"", ""lat"": 4, ""long"": -72, ""flag"": ""https://disease.sh/assets/img/flags/co.png""}",342,6.64,143200,2780,8,360,1,51512762,6212152,120594.43,36951507,717327,0,0,0,1784464632887
9,9.92,9109,10038,Africa,Comoros,"{""_id"": 174, ""iso2"": ""KM"", ""iso3"": ""COM"", ""lat"": -12.1667, ""long"": 44.25, ""flag"": ""https://disease.sh/assets/img/flags/km.png""}",0,0,161,177,100,5636,0,907419,8939,9851.02,0,0,0,0,0,1784464633098
983,169.55,25375,4377,Africa,Congo,"{""_id"": 178, ""iso2"": ""CG"", ""iso3"": ""COG"", ""lat"": -1, ""long"": 15, ""flag"": ""https://disease.sh/assets/img/flags/cg.png""}",0,0,386,67,228,15020,17,5797805,24006,4140.53,347815,59991,0,0,0,1784464633062
51,2902.51,7203,409937,Australia-Oceania,Cook Islands,"{""_id"": 184, ""iso2"": ""CK"", ""iso3"": ""COK"", ""lat"": -21.2333, ""long"": -159.7667, ""flag"": ""https://disease.sh/assets/img/flags/ck.png""}",0,0,2,114,2,8786,1,17571,7150,406920.49,19690,1120596,0,0,0,1784464633105
1229455,237238.71,1238883,239058,North America,Costa Rica,"{""_id"": 188, ""iso2"": ""CR"", ""iso3"": ""CRI"", ""lat"": 10, ""long"": -84, ""flag"": ""https://disease.sh/assets/img/flags/cr.png""}",0,0,9428,1819,4,550,1,5182354,0,0,4659757,899158,0,0,0,1784464632939
32609,8033.19,1309728,322650,Europe,Croatia,"{""_id"": 191, ""iso2"": ""HR"", ""iso3"": ""HRV"", ""lat"": 45.1667, ""long"": 15.5, ""flag"": ""https://disease.sh/assets/img/flags/hr.png""}",0,0,18687,4604,3,217,1,4059286,1258432,310013.14,5660084,1394355,0,0,0,1784464632935
61,5.4,1115251,98645,North America,Cuba,"{""_id"": 192, ""iso2"": ""CU"", ""iso3"": ""CUB"", ""lat"": 21.5, ""long"": -80, ""flag"": ""https://disease.sh/assets/img/flags/cu.png""}",0,0,8530,754,10,1325,1,11305652,1106660,97885.55,14402674,1273936,0,0,0,1784464632943
971,5866.04,45986,277812,North America,Curaçao,"{""_id"": 531, ""iso2"": ""CW"", ""iso3"": ""CUW"", ""lat"": 12.15, ""long"": -68.97, ""flag"": ""https://disease.sh/assets/img/flags/cw.png""}",3,18.12,295,1782,4,561,0,165529,44720,270164.14,496693,3000640,0,0,0,1784464633042
0,0,681110,556741,Asia,Cyprus,"{""_id"": 196, ""iso2"": ""CY"", ""iso3"": ""CYP"", ""lat"": 35, ""long"": 33, ""flag"": ""https://disease.sh/assets/img/flags/cy.png""}",0,0,1365,1116,2,896,0,1223387,679745,555625.49,9640118,7879860,0,0,0,1784464632959
318,29.62,4759041,443246,Europe,Czechia,"{""_id"": 203, ""iso2"": ""CZ"", ""iso3"": ""CZE"", ""lat"": 49.75, ""long"": 15.5, ""flag"": ""https://disease.sh/assets/img/flags/cz.png""}",2,0.19,43517,4053,2,247,0,10736784,4715206,439163.72,57834241,5386552,0,0,0,1784464632903
52,1.87,88384,3186,Africa,Côte d'Ivoire,"{""_id"": 384, ""iso2"": ""CI"", ""iso3"": ""CIV"", ""lat"": 8, ""long"": -5, ""flag"": ""https://disease.sh/assets/img/flags/ci.png""}",0,0,835,30,314,33224,16,27742298,87497,3153.92,1690934,60951,0,0,0,1784464633020
13381,140.5,99338,1043,Africa,DRC,"{""_id"": 180, ""iso2"": ""CD"", ""iso3"": ""COD"", ""lat"": 0, ""long"": 25, ""flag"": ""https://disease.sh/assets/img/flags/cd.png""}",0,0,1468,15,959,64878,112,95240792,84489,887.11,846704,8890,0,0,0,1784464633016
0,0,3183756,545636,Europe,Denmark,"{""_id"": 208, ""iso2"": ""DK"", ""iso3"": ""DNK"", ""lat"": 56, ""long"": 10, ""flag"": ""https://disease.sh/assets/img/flags/dk.png""}",0,0,8814,1511,2,662,0,5834950,3174942,544124.97,129333107,22165247,0,0,0,1784464632913
0,0,712,0,,Diamond Princess,"{""_id"": null, ""iso2"": null, ""iso3"": null, ""lat"": 0, ""long"": 0, ""flag"": ""https://disease.sh/assets/img/flags/unknown.png""}",0,0,13,0,0,0,0,0,699,0,0,0,0,0,0,1784464633122
74,72.83,15690,15441,Africa,Djibouti,"{""_id"": 262, ""iso2"": ""DJ"", ""iso3"": ""DJI"", ""lat"": 11.5, ""long"": 43, ""flag"": ""https://disease.sh/assets/img/flags/dj.png""}",0,0,189,186,65,5376,3,1016097,15427,15182.61,305941,301094,0,0,0,1784464633083
0,0,16038,221691,North America,Dominica,"{""_id"": 212, ""iso2"": ""DM"", ""iso3"": ""DMA"", ""lat"": 15.4167, ""long"": -61.3333, ""flag"": ""https://disease.sh/assets/img/flags/dm.png""}",0,0,74,1023,5,978,0,72344,15964,220667.92,229344,3170187,0,0,0,1784464633081
190,17.18,675890,61131,North America,Dominican Republic,"{""_id"": 214, ""iso2"": ""DO"", ""iso3"": ""DOM"", ""lat"": 19, ""long"": -70.6667, ""flag"": ""https://disease.sh/assets/img/flags/do.png""}",4,0.36,4384,397,16,2522,3,11056370,671316,60717.58,3740928,338350,0,0,0,1784464632960
0,0,1070188,59083,South America,Ecuador,"{""_id"": 218, ""iso2"": ""EC"", ""iso3"": ""ECU"", ""lat"": -2, ""long"": -77.5, ""flag"": ""https://disease.sh/assets/img/flags/ec.png""}",0,0,36043,1990,17,503,6,18113361,1034145,57092.94,3082403,170173,0,0,0,1784464632943
49228,463.73,516023,4861,Africa,Egypt,"{""_id"": 818, ""iso2"": ""EG"", ""iso3"": ""EGY"", ""lat"": 27, ""long"": 30, ""flag"": ""https://disease.sh/assets/img/flags/eg.png""}",122,1.15,24613,232,206,4313,29,106156692,442182,4165.37,3693367,34792,0,0,0,1784464632972
18215,2780.75,201855,30816,North America,El Salvador,"{""_id"": 222, ""iso2"": ""SV"", ""iso3"": ""SLV"", ""lat"": 13.8333, ""long"": -88.9167, ""flag"": ""https://disease.sh/assets/img/flags/sv.png""}",0,0,4230,646,32,1549,3,6550389,179410,27389.21,2610114,398467,0,0,0,1784464633000
139,92.87,17229,11512,Africa,Equatorial Guinea,"{""_id"": 226, ""iso2"": ""GQ"", ""iso3"": ""GNQ"", ""lat"": 2, ""long"": 10, ""flag"": ""https://disease.sh/assets/img/flags/gq.png""}",5,3.34,183,122,87,8178,4,1496662,16907,11296.47,365697,244342,0,0,0,1784464633074
0,0,10189,2782,Africa,Eritrea,"{""_id"": 232, ""iso2"": ""ER"", ""iso3"": ""ERI"", ""lat"": 15, ""long"": 39, ""flag"": ""https://disease.sh/assets/img/flags/er.png""}",0,0,103,28,359,35556,155,3662244,10086,2754.05,23693,6470,0,0,0,1784464633093
625069,472852.92,628070,475123,Europe,Estonia,"{""_id"": 233, ""iso2"": ""EE"", ""iso3"": ""EST"", ""lat"": 59, ""long"": 26, ""flag"": ""https://disease.sh/assets/img/flags/ee.png""}",0,0,3001,2270,2,440,0,1321910,0,0,6968103,5271239,0,0,0,1784464632969
5412,44.8,501157,4148,Africa,Ethiopia,"{""_id"": 231, ""iso2"": ""ET"", ""iso3"": ""ETH"", ""lat"": 8, ""long"": 38, ""flag"": ""https://disease.sh/assets/img/flags/et.png""}",0,0,7574,63,241,15951,22,120812698,488171,4040.73,5565340,46066,0,0,0,1784464632975
0,0,1930,545352,South America,Falkland Islands (Malvinas),"{""_id"": 238, ""iso2"": ""FK"", ""iso3"": ""FLK"", ""lat"": -51.75, ""long"": -59, ""flag"": ""https://disease.sh/assets/img/flags/fk.png""}",0,0,0,0,2,0,0,3539,1930,545351.79,8632,2439107,0,0,0,1784464633119
34630,703390,34658,703959,Europe,Faroe Islands,"{""_id"": 234, ""iso2"": ""FO"", ""iso3"": ""FRO"", ""lat"": 62, ""long"": -7, ""flag"": ""https://disease.sh/assets/img/flags/fo.png""}",0,0,28,569,1,1758,0,49233,0,0,778000,15802409,0,0,0,1784464633052
1006,1106.14,69117,75997,Australia-Oceania,Fiji,"{""_id"": 242, ""iso2"": ""FJ"", ""iso3"": ""FJI"", ""lat"": -18, ""long"": 175, ""flag"": ""https://disease.sh/assets/img/flags/fj.png""}",0,0,885,973,13,1028,1,909466,67226,73918.1,672883,739866,0,0,0,1784464633028
170,30.6,1516117,272930,Europe,Finland,"{""_id"": 246, ""iso2"": ""FI"", ""iso3"": ""FIN"", ""lat"": 64, ""long"": 26, ""flag"": ""https://disease.sh/assets/img/flags/fi.png""}",0,0,11958,2153,4,465,0,5554960,1503989,270747.04,12108977,2179850,0,0,14,1784464632929
0,0,40138560,612013,Europe,France,"{""_id"": 250, ""iso2"": ""FR"", ""iso3"": ""FRA"", ""lat"": 46, ""long"": 2, ""flag"": ""https://disease.sh/assets/img/flags/fr.png""}",0,0,167642,2556,2,391,0,65584518,39970918,609456.61,271490188,4139547,0,0,0,1784464632859
86367,274906.18,98041,312065,South America,French Guiana,"{""_id"": 254, ""iso2"": ""GF"", ""iso3"": ""GUF"", ""lat"": 4, ""long"": -53, ""flag"": ""https://disease.sh/assets/img/flags/gf.png""}",6,19.1,420,1337,3,748,0,314169,11254,35821.48,651257,2072951,0,0,0,1784464633017
78604,276614.91,79254,278902,Australia-Oceania,French Polynesia,"{""_id"": 258, ""iso2"": ""PF"", ""iso3"": ""PYF"", ""lat"": -15, ""long"": -140, ""flag"": ""https://disease.sh/assets/img/flags/pf.png""}",0,0,650,2287,4,437,0,284164,0,0,0,0,0,0,0,1784464633024
70,30.02,49051,21038,Africa,Gabon,"{""_id"": 266, ""iso2"": ""GA"", ""iso3"": ""GAB"", ""lat"": -1, ""long"": 11.75, ""flag"": ""https://disease.sh/assets/img/flags/ga.png""}",0,0,307,132,48,7595,1,2331533,48674,20876.39,1621909,695641,0,0,0,1784464633039
65,25.41,12626,4935,Africa,Gambia,"{""_id"": 270, ""iso2"": ""GM"", ""iso3"": ""GMB"", ""lat"": 13.4667, ""long"": -16.5667, ""flag"": ""https://disease.sh/assets/img/flags/gm.png""}",0,0,372,145,203,6878,16,2558482,12189,4764.15,155686,60851,0,0,0,1784464633085
1844533,464765.63,1861665,469082,Asia,Georgia,"{""_id"": 268, ""iso2"": ""GE"", ""iso3"": ""GEO"", ""lat"": 42, ""long"": 43.5, ""flag"": ""https://disease.sh/assets/img/flags/ge.png""}",0,0,17132,4317,2,232,0,3968738,0,0,16920079,4263340,0,0,0,1784464632925
405368,4832.51,38828995,462891,Europe,Germany,"{""_id"": 276, ""iso2"": ""DE"", ""iso3"": ""DEU"", ""lat"": 51, ""long"": 9, ""flag"": ""https://disease.sh/assets/img/flags/de.png""}",0,0,183027,2182,2,458,1,83883596,38240600,455876.98,122332384,1458359,0,0,0,1784464632860
2,0.06,171889,5306,Africa,Ghana,"{""_id"": 288, ""iso2"": ""GH"", ""iso3"": ""GHA"", ""lat"": 8, ""long"": -2, ""flag"": ""https://disease.sh/assets/img/flags/gh.png""}",0,0,1462,45,188,22158,13,32395450,170425,5260.77,2541625,78456,0,0,0,1784464633006
20437,606367.2,20550,609720,Europe,Gibraltar,"{""_id"": 292, ""iso2"": ""GI"", ""iso3"": ""GIB"", ""lat"": 36.1833, ""long"": -5.3667, ""flag"": ""https://disease.sh/assets/img/flags/gi.png""}",0,0,113,3353,2,298,0,33704,0,0,534283,15852213,0,0,0,1784464633067
6063510,587740.95,6101379,591412,Europe,Greece,"{""_id"": 300, ""iso2"": ""GR"", ""iso3"": ""GRC"", ""lat"": 39, ""long"": 22, ""flag"": ""https://disease.sh/assets/img/flags/gr.png""}",0,0,37869,3671,2,272,0,10316637,0,0,102228365,9909078,0,0,0,1784464632888
9189,161286.93,11971,210117,North America,Greenland,"{""_id"": 304, ""iso2"": ""GL"", ""iso3"": ""GRL"", ""lat"": 72, ""long"": -40, ""flag"": ""https://disease.sh/assets/img/flags/gl.png""}",4,70.21,21,369,5,2713,0,56973,2761,48461.55,164926,2894810,0,0,0,1784464633089
97,854.81,19693,173545,North America,Grenada,"{""_id"": 308, ""iso2"": ""GD"", ""iso3"": ""GRD"", ""lat"": 12.1167, ""long"": -61.6667, ""flag"": ""https://disease.sh/assets/img/flags/gd.png""}",4,35.25,238,2097,6,477,1,113475,19358,170592.64,182981,1612523,0,0,0,1784464633068
202214,505795.48,203235,508349,North America,Guadeloupe,"{""_id"": 312, ""iso2"": ""GP"", ""iso3"": ""GLP"", ""lat"": 16.25, ""long"": -61.5833, ""flag"": ""https://disease.sh/assets/img/flags/gp.png""}",0,0,1021,2554,2,392,0,399794,0,0,938039,2346306,0,0,0,1784464632999
1113,59.89,1291293,69484,North America,Guatemala,"{""_id"": 320, ""iso2"": ""GT"", ""iso3"": ""GTM"", ""lat"": 15.5, ""long"": -90.25, ""flag"": ""https://disease.sh/assets/img/flags/gt.png""}",5,0.27,20289,1092,14,916,2,18584039,1269891,68332.35,7593848,408622,0,0,0,1784464632936
347,25.03,38572,2782,Africa,Guinea,"{""_id"": 324, ""iso2"": ""GN"", ""iso3"": ""GIN"", ""lat"": 11, ""long"": -10, ""flag"": ""https://disease.sh/assets/img/flags/gn.png""}",0,0,468,34,359,29628,21,13865691,37757,2723.05,660107,47607,0,0,0,1784464633047
508,246.2,9614,4659,Africa,Guinea-Bissau,"{""_id"": 624, ""iso2"": ""GW"", ""iso3"": ""GNB"", ""lat"": 12, ""long"": -15, ""flag"": ""https://disease.sh/assets/img/flags/gw.png""}",6,2.91,177,86,215,11657,14,2063367,8929,4327.39,145231,70385,0,0,0,1784464633097
824,1037.72,74137,93366,South America,Guyana,"{""_id"": 328, ""iso2"": ""GY"", ""iso3"": ""GUY"", ""lat"": 5, ""long"": -59, ""flag"": ""https://disease.sh/assets/img/flags/gy.png""}",0,0,1300,1637,11,611,1,794045,72013,90691.33,733218,923396,0,0,0,1784464633026
73,6.25,34667,2968,North America,Haiti,"{""_id"": 332, ""iso2"": ""HT"", ""iso3"": ""HTI"", ""lat"": 19, ""long"": -72.4167, ""flag"": ""https://disease.sh/assets/img/flags/ht.png""}",0,0,860,74,337,13582,88,11680283,33734,2888.11,132422,11337,0,0,0,1784464633051
0,0,29,36295,Europe,Holy See (Vatican City State),"{""_id"": 336, ""iso2"": ""VA"", ""iso3"": ""VAT"", ""lat"": 41.9, ""long"": 12.45, ""flag"": ""https://disease.sh/assets/img/flags/va.png""}",0,0,0,0,28,0,0,799,29,36295.37,0,0,0,0,0,1784464633124
463425,45339.38,474590,46432,North America,Honduras,"{""_id"": 340, ""iso2"": ""HN"", ""iso3"": ""HND"", ""lat"": 15, ""long"": -86.5, ""flag"": ""https://disease.sh/assets/img/flags/hn.png""}",0,0,11165,1092,22,915,6,10221247,0,0,1660662,162472,0,0,0,1784464632977
6680,878.45,2937609,386309,Asia,Hong Kong,"{""_id"": 344, ""iso2"": ""HK"", ""iso3"": ""HKG"", ""lat"": 22.25, ""long"": 114.1667, ""flag"": ""https://disease.sh/assets/img/flags/hk.png""}",0,0,14924,1963,3,510,0,7604299,2916005,383467.96,76127725,10011143,0,0,0,1784464632915
29029,3021.88,2230232,232164,Europe,Hungary,"{""_id"": 348, ""iso2"": ""HU"", ""iso3"": ""HUN"", ""lat"": 47, ""long"": 20, ""flag"": ""https://disease.sh/assets/img/flags/hu.png""}",0,0,49048,5106,4,196,1,9606259,2152155,224036.75,11394556,1186160,0,0,0,1784464632922
209677,607067.89,209906,607731,Europe,Iceland,"{""_id"": 352, ""iso2"": ""IS"", ""iso3"": ""ISL"", ""lat"": 65, ""long"": -18, ""flag"": ""https://disease.sh/assets/img/flags/is.png""}",0,0,229,663,2,1508,0,345393,0,0,1996384,5780036,0,0,0,1784464632996
44501823,31637.15,45035393,32016,Asia,India,"{""_id"": 356, ""iso2"": ""IN"", ""iso3"": ""IND"", ""lat"": 20, ""long"": 77, ""flag"": ""https://disease.sh/assets/img/flags/in.png""}",0,0,533570,379,31,2636,2,1406631776,0,0,935879495,665334,0,0,0,1784464632857
20054,71.84,6829221,24466,Asia,Indonesia,"{""_id"": 360, ""iso2"": ""ID"", ""iso3"": ""IDN"", ""lat"": -5, ""long"": 120, ""flag"": ""https://disease.sh/assets/img/flags/id.png""}",0,0,162063,581,41,1722,2,279134505,6647104,23813.27,114158919,408975,0,0,0,1784464632884
7480375,86958.01,7627186,88665,Asia,Iran,"{""_id"": 364, ""iso2"": ""IR"", ""iso3"": ""IRN"", ""lat"": 32, ""long"": 53, ""flag"": ""https://disease.sh/assets/img/flags/ir.png""}",0,0,146811,1707,11,586,2,86022837,0,0,57320267,666338,0,0,0,1784464632883
673,15.96,2465545,58474,Asia,Iraq,"{""_id"": 368, ""iso2"": ""IQ"", ""iso3"": ""IRQ"", ""lat"": 33, ""long"": 44, ""flag"": ""https://disease.sh/assets/img/flags/iq.png""}",0,0,25375,602,17,1662,2,42164965,2439497,57856.02,19544451,463523,0,0,0,1784464632921
170,33.86,1734582,345521,Europe,Ireland,"{""_id"": 372, ""iso2"": ""IE"", ""iso3"": ""IRL"", ""lat"": 53, ""long"": -8, ""flag"": ""https://disease.sh/assets/img/flags/ie.png""}",19,3.78,9491,1891,3,529,0,5020199,1724921,343596.14,13083449,2606161,0,0,0,1784464632927
37892,441981.99,38008,443335,Europe,Isle of Man,"{""_id"": 833, ""iso2"": ""IM"", ""iso3"": ""IMN"", ""lat"": 54.23, ""long"": -4.55, ""flag"": ""https://disease.sh/assets/img/flags/im.png""}",0,0,116,1353,2,739,1,85732,0,0,150753,1758422,0,0,0,1784464633049
30592,3280.29,4841772,519169,Asia,Israel,"{""_id"": 376, ""iso2"": ""IL"", ""iso3"": ""ISR"", ""lat"": 31.5, ""long"": 34.75, ""flag"": ""https://disease.sh/assets/img/flags/il.png""}",0,0,12707,1363,2,734,0,9326000,4798473,514526.38,41373364,4436346,0,0,0,1784464632898
165544,2747.04,26723249,443445,Europe,Italy,"{""_id"": 380, ""iso2"": ""IT"", ""iso3"": ""ITA"", ""lat"": 42.8333, ""long"": 12.8333, ""flag"": ""https://disease.sh/assets/img/flags/it.png""}",22,0.37,196487,3261,2,307,0,60262770,26361218,437437.87,281126449,4665010,0,0,0,1784464632867
153113,51292.52,156869,52551,North America,Jamaica,"{""_id"": 388, ""iso2"": ""JM"", ""iso3"": ""JAM"", ""lat"": 18.25, ""long"": -77.5, ""flag"": ""https://disease.sh/assets/img/flags/jm.png""}",0,0,3756,1258,19,795,3,2985094,0,0,1183986,396633,0,0,0,1784464633007
33728878,268574.44,33803572,269169,Asia,Japan,"{""_id"": 392, ""iso2"": ""JP"", ""iso3"": ""JPN"", ""lat"": 36, ""long"": 138, ""flag"": ""https://disease.sh/assets/img/flags/jp.png""}",0,0,74694,595,4,1681,1,125584838,0,0,100414883,799578,0,0,0,1784464632865
1868,181.34,1746997,169597,Asia,Jordan,"{""_id"": 400, ""iso2"": ""JO"", ""iso3"": ""JOR"", ""lat"": 31, ""long"": 36, ""flag"": ""https://disease.sh/assets/img/flags/jo.png""}",59,5.73,14122,1371,6,729,1,10300869,1731007,168044.75,17201885,1669945,0,0,0,1784464632926
14963,779.12,1411831,73514,Asia,Kazakhstan,"{""_id"": 398, ""iso2"": ""KZ"", ""iso3"": ""KAZ"", ""lat"": 48, ""long"": 68, ""flag"": ""https://disease.sh/assets/img/flags/kz.png""}",24,1.25,13848,721,14,1387,2,19205043,1383020,72013.38,11575012,602707,0,0,0,1784464632931
1132,20.14,344130,6122,Africa,Kenya,"{""_id"": 404, ""iso2"": ""KE"", ""iso3"": ""KEN"", ""lat"": 1, ""long"": 38, ""flag"": ""https://disease.sh/assets/img/flags/ke.png""}",0,0,5689,101,163,9881,14,56215221,337309,6000.31,3967062,70569,0,0,0,1784464632983
2358,19105.65,5085,41201,Australia-Oceania,Kiribati,"{""_id"": 296, ""iso2"": ""KI"", ""iso3"": ""KIR"", ""lat"": 1.4167, ""long"": 173, ""flag"": ""https://disease.sh/assets/img/flags/ki.png""}",3,24.31,24,194,24,5142,0,123419,2703,21901,0,0,0,0,0,1784464633112
664588,151721.13,667158,152308,Asia,Kuwait,"{""_id"": 414, ""iso2"": ""KW"", ""iso3"": ""KWT"", ""lat"": 29.3375, ""long"": 47.6581, ""flag"": ""https://disease.sh/assets/img/flags/kw.png""}",0,0,2570,587,7,1704,1,4380326,0,0,8455743,1930391,0,0,0,1784464632966
7500,1114.7,206897,30750,Asia,Kyrgyzstan,"{""_id"": 417, ""iso2"": ""KG"", ""iso3"": ""KGZ"", ""lat"": 41, ""long"": 75, ""flag"": ""https://disease.sh/assets/img/flags/kg.png""}",131,19.47,2991,445,33,2250,4,6728271,196406,29191.15,1907195,283460,0,0,0,1784464632997
218212,29168.74,218970,29270,Asia,Lao People's Democratic Republic,"{""_id"": 418, ""iso2"": ""LA"", ""iso3"": ""LAO"", ""lat"": 18, ""long"": 105, ""flag"": ""https://disease.sh/assets/img/flags/la.png""}",0,0,758,101,34,9869,6,7481023,0,0,1233207,164845,0,0,0,1784464632994
4384,2371.22,982505,531418,Europe,Latvia,"{""_id"": 428, ""iso2"": ""LV"", ""iso3"": ""LVA"", ""lat"": 57, ""long"": 25, ""flag"": ""https://disease.sh/assets/img/flags/lv.png""}",0,0,6715,3632,2,275,0,1848837,971406,525414.63,7885792,4265272,0,0,0,1784464632952
145299,21735.57,1243838,186068,Asia,Lebanon,"{""_id"": 422, ""iso2"": ""LB"", ""iso3"": ""LBN"", ""lat"": 33.8333, ""long"": 35.8333, ""flag"": ""https://disease.sh/assets/img/flags/lb.png""}",74,11.07,10952,1638,5,610,1,6684849,1087587,162694.33,4795578,717380,0,0,0,1784464632938
9435,4336.54,36138,16610,Africa,Lesotho,"{""_id"": 426, ""iso2"": ""LS"", ""iso3"": ""LSO"", ""lat"": -29.5, ""long"": 28.5, ""flag"": ""https://disease.sh/assets/img/flags/ls.png""}",0,0,723,332,60,3009,5,2175699,25980,11940.99,431221,198199,0,0,0,1784464633050
12,2.26,8090,1525,Africa,Liberia,"{""_id"": 430, ""iso2"": ""LR"", ""iso3"": ""LBR"", ""lat"": 6.5, ""long"": -9.5, ""flag"": ""https://disease.sh/assets/img/flags/lr.png""}",2,0.38,295,56,656,17983,38,5305117,7783,1467.07,139824,26356,0,0,0,1784464633101
2,0.28,507274,72048,Africa,Libyan Arab Jamahiriya,"{""_id"": 434, ""iso2"": ""LY"", ""iso3"": ""LBY"", ""lat"": 25, ""long"": 17, ""flag"": ""https://disease.sh/assets/img/flags/ly.png""}",0,0,6437,914,14,1094,3,7040745,500835,71133.81,2483848,352782,0,0,0,1784464632974
21480,559564.44,21574,562013,Europe,Liechtenstein,"{""_id"": 438, ""iso2"": ""LI"", ""iso3"": ""LIE"", ""lat"": 47.1667, ""long"": 9.5333, ""flag"": ""https://disease.sh/assets/img/flags/li.png""}",0,0,94,2449,2,408,0,38387,0,0,112457,2929559,0,0,0,1784464633065
431,161.93,1397806,525154,Europe,Lithuania,"{""_id"": 440, ""iso2"": ""LT"", ""iso3"": ""LTU"", ""lat"": 56, ""long"": 24, ""flag"": ""https://disease.sh/assets/img/flags/lt.png""}",0,0,9897,3718,2,269,0,2661708,1387478,521273.56,10540357,3959997,0,0,0,1784464632932
390000,607125.79,391232,609044,Europe,Luxembourg,"{""_id"": 442, ""iso2"": ""LU"", ""iso3"": ""LUX"", ""lat"": 49.75, ""long"": 6.1667, ""flag"": ""https://disease.sh/assets/img/flags/lu.png""}",0,0,1232,1918,2,521,0,642371,0,0,4587145,7140959,0,0,0,1784464632980
0,0,9,0,,MS Zaandam,"{""_id"": null, ""iso2"": null, ""iso3"": null, ""lat"": 0, ""long"": 0, ""flag"": ""https://disease.sh/assets/img/flags/unknown.png""}",0,0,2,0,0,0,0,0,7,0,0,0,0,0,0,1784464633126
24063,36049.98,27673,41458,Asia,Macao,"{""_id"": 446, ""iso2"": ""MO"", ""iso3"": ""MAC"", ""lat"": 22.1667, ""long"": 113.55, ""flag"": ""https://disease.sh/assets/img/flags/mo.png""}",0,0,123,184,24,5427,85,667490,3487,5224.05,7850,11760,0,0,0,1784464633056
3523,1692.69,350567,168436,Europe,Macedonia,"{""_id"": 807, ""iso2"": ""MK"", ""iso3"": ""MKD"", ""lat"": 41.8333, ""long"": 22, ""flag"": ""https://disease.sh/assets/img/flags/mk.png""}",0,0,9976,4793,6,209,1,2081304,337068,161950.39,2226216,1069626,0,0,0,1784464632981
198,6.79,68486,2347,Africa,Madagascar,"{""_id"": 450, ""iso2"": ""MG"", ""iso3"": ""MDG"", ""lat"": -20, ""long"": 47, ""flag"": ""https://disease.sh/assets/img/flags/mg.png""}",0,0,1426,49,426,20461,55,29178077,66862,2291.51,531329,18210,0,0,0,1784464633029
86849,4303.54,89535,4437,Africa,Malawi,"{""_id"": 454, ""iso2"": ""MW"", ""iso3"": ""MWI"", ""lat"": -13.5, ""long"": 34, ""flag"": ""https://disease.sh/assets/img/flags/mw.png""}",0,0,2686,133,225,7513,32,20180839,0,0,624784,30959,0,0,0,1784464633018
7790,234.77,5278406,159079,Asia,Malaysia,"{""_id"": 458, ""iso2"": ""MY"", ""iso3"": ""MYS"", ""lat"": 2.5, ""long"": 112.5, ""flag"": ""https://disease.sh/assets/img/flags/my.png""}",11,0.33,37348,1126,6,888,0,33181072,5233268,157718.47,68580916,2066869,0,0,0,1784464632894
22691,41943.86,186694,345100,Asia,Maldives,"{""_id"": 462, ""iso2"": ""MV"", ""iso3"": ""MDV"", ""lat"": 3.25, ""long"": 73, ""flag"": ""https://disease.sh/assets/img/flags/mv.png""}",25,46.21,316,584,3,1712,0,540985,163687,302572.16,2213831,4092223,0,0,0,1784464633002
89,4.14,33164,1544,Africa,Mali,"{""_id"": 466, ""iso2"": ""ML"", ""iso3"": ""MLI"", ""lat"": 17, ""long"": -4, ""flag"": ""https://disease.sh/assets/img/flags/ml.png""}",0,0,743,35,648,28901,27,21473764,32332,1505.65,804909,37483,0,0,0,1784464633053
386,869.3,121420,273448,Europe,Malta,"{""_id"": 470, ""iso2"": ""MT"", ""iso3"": ""MLT"", ""lat"": 35.8333, ""long"": 14.5833, ""flag"": ""https://disease.sh/assets/img/flags/mt.png""}",0,0,885,1993,4,502,0,444033,120149,270585.74,2170600,4888375,0,0,0,1784464633011
0,0,16138,268711,Australia-Oceania,Marshall Islands,"{""_id"": 584, ""iso2"": ""MH"", ""iso3"": ""MHL"", ""lat"": 9, ""long"": 168, ""flag"": ""https://disease.sh/assets/img/flags/mh.png""}",0,0,17,283,4,3533,0,60057,16121,268428.33,0,0,0,0,0,1784464633080
229252,612830.71,230354,615777,North America,Martinique,"{""_id"": 474, ""iso2"": ""MQ"", ""iso3"": ""MTQ"", ""lat"": 14.6667, ""long"": -61, ""flag"": ""https://disease.sh/assets/img/flags/mq.png""}",0,0,1102,2946,2,339,0,374087,0,0,828928,2215870,0,0,0,1784464632994
380,77.52,63848,13025,Africa,Mauritania,"{""_id"": 478, ""iso2"": ""MR"", ""iso3"": ""MRT"", ""lat"": 20, ""long"": -12, ""flag"": ""https://disease.sh/assets/img/flags/mr.png""}",0,0,997,203,77,4917,5,4901981,62471,12744.03,1009957,206030,0,0,0,1784464633034
696,546,43025,33752,Africa,Mauritius,"{""_id"": 480, ""iso2"": ""MU"", ""iso3"": ""MUS"", ""lat"": -20.2833, ""long"": 57.55, ""flag"": ""https://disease.sh/assets/img/flags/mu.png""}",0,0,1051,824,30,1213,4,1274727,41278,32381.84,358675,281374,0,0,0,1784464633044
41839,146157.85,42027,146815,Africa,Mayotte,"{""_id"": 175, ""iso2"": ""YT"", ""iso3"": ""MYT"", ""lat"": -12.8333, ""long"": 45.1667, ""flag"": ""https://disease.sh/assets/img/flags/yt.png""}",0,0,188,657,7,1523,2,286259,0,0,176919,618038,0,0,0,1784464633045
467986,3557.13,7702809,58549,North America,Mexico,"{""_id"": 484, ""iso2"": ""MX"", ""iso3"": ""MEX"", ""lat"": 23, ""long"": -102, ""flag"": ""https://disease.sh/assets/img/flags/mx.png""}",0,0,334958,2546,17,393,7,131562772,6899865,52445.42,20013810,152124,0,0,0,1784464632882
26482,225399.82,26547,225953,Australia-Oceania,Micronesia,"{""_id"": 583, ""iso2"": ""FM"", ""iso3"": ""FSM"", ""lat"": 6.9167, ""long"": 158.25, ""flag"": ""https://disease.sh/assets/img/flags/fm.png""}",0,0,65,553,4,1808,1,117489,0,0,82430,701598,0,0,0,1784464633058
622927,155220.65,635145,158265,Europe,Moldova,"{""_id"": 498, ""iso2"": ""MD"", ""iso3"": ""MDA"", ""lat"": 47, ""long"": 29, ""flag"": ""https://disease.sh/assets/img/flags/md.png""}",0,0,12218,3044,6,328,1,4013171,0,0,3216305,801437,0,0,0,1784464632968
17114,430183.75,17181,431868,Europe,Monaco,"{""_id"": 492, ""iso2"": ""MC"", ""iso3"": ""MCO"", ""lat"": 43.7333, ""long"": 7.4, ""flag"": ""https://disease.sh/assets/img/flags/mc.png""}",0,0,67,1684,2,594,1,39783,0,0,78646,1976875,0,0,0,1784464633076
0,0,1011496,299429,Asia,Mongolia,"{""_id"": 496, ""iso2"": ""MN"", ""iso3"": ""MNG"", ""lat"": 46, ""long"": 105, ""flag"": ""https://disease.sh/assets/img/flags/mn.png""}",0,0,2284,676,3,1479,1,3378078,1009212,298753.31,4030048,1193000,0,0,0,1784464632947
1902,3028.9,296542,472238,Europe,Montenegro,"{""_id"": 499, ""iso2"": ""ME"", ""iso3"": ""MNE"", ""lat"": 42, ""long"": 19, ""flag"": ""https://disease.sh/assets/img/flags/me.png""}",0,0,2846,4532,2,221,0,627950,291794,464677.12,2769281,4410034,0,0,0,1784464632987
19,3826.79,1403,282578,North America,Montserrat,"{""_id"": 500, ""iso2"": ""MS"", ""iso3"": ""MSR"", ""lat"": 16.75, ""long"": -62.2, ""flag"": ""https://disease.sh/assets/img/flags/ms.png""}",0,0,8,1611,4,621,0,4965,1376,277139.98,17762,3577442,0,0,0,1784464633120
1262689,33428.56,1278992,33860,Africa,Morocco,"{""_id"": 504, ""iso2"": ""MA"", ""iso3"": ""MAR"", ""lat"": 32, ""long"": -5, ""flag"": ""https://disease.sh/assets/img/flags/ma.png""}",0,0,16303,432,30,2317,3,37772756,0,0,13001033,344191,0,0,0,1784464632937
2676,80.87,233731,7064,Africa,Mozambique,"{""_id"": 508, ""iso2"": ""MZ"", ""iso3"": ""MOZ"", ""lat"": -18.25, ""long"": 35, ""flag"": ""https://disease.sh/assets/img/flags/mz.png""}",11,0.33,2250,68,142,14706,24,33089461,228805,6914.74,1371127,41437,0,0,0,1784464632993
2219,40.18,641873,11622,Asia,Myanmar,"{""_id"": 104, ""iso2"": ""MM"", ""iso3"": ""MMR"", ""lat"": 22, ""long"": 98, ""flag"": ""https://disease.sh/assets/img/flags/mm.png""}",0,0,19495,353,86,2833,5,55227143,620159,11229.24,11711514,212061,0,0,0,1784464632967
0,0,4772813,183636,Asia,N. Korea,"{""_id"": 408, ""iso2"": ""KP"", ""iso3"": ""PRK"", ""lat"": 40, ""long"": 127, ""flag"": ""https://disease.sh/assets/img/flags/kp.png""}",0,0,74,3,5,351225,0,25990679,4772739,183632.72,0,0,0,0,0,1784464632900
1184,449.53,172389,65451,Africa,Namibia,"{""_id"": 516, ""iso2"": ""NA"", ""iso3"": ""NAM"", ""lat"": -22, ""long"": 17, ""flag"": ""https://disease.sh/assets/img/flags/na.png""}",0,0,4106,1559,15,641,2,2633874,167099,63442.29,1062663,403460,0,0,0,1784464633003
45,4127.3,5393,494635,Australia-Oceania,Nauru,"{""_id"": 520, ""iso2"": ""NR"", ""iso3"": ""NRU"", ""lat"": -0.5333, ""long"": 166.9167, ""flag"": ""https://disease.sh/assets/img/flags/nr.png""}",0,0,1,92,2,10903,1,10903,5347,490415.48,20509,1881042,0,0,0,1784464633111
97,3.21,1003450,33199,Asia,Nepal,"{""_id"": 524, ""iso2"": ""NP"", ""iso3"": ""NPL"", ""lat"": 28, ""long"": 84, ""flag"": ""https://disease.sh/assets/img/flags/np.png""}",0,0,12031,398,30,2512,5,30225582,991322,32797.45,6047766,200088,0,0,0,1784464632948
195,11.33,8635786,501747,Europe,Netherlands,"{""_id"": 528, ""iso2"": ""NL"", ""iso3"": ""NLD"", ""lat"": 52.5, ""long"": 5.75, ""flag"": ""https://disease.sh/assets/img/flags/nl.png""}",0,0,22992,1336,2,749,1,17211447,8612599,500399.47,25984435,1509718,0,0,0,1784464632879
79750,274135.06,80064,275214,Australia-Oceania,New Caledonia,"{""_id"": 540, ""iso2"": ""NC"", ""iso3"": ""NCL"", ""lat"": -21.5, ""long"": 165.5, ""flag"": ""https://disease.sh/assets/img/flags/nc.png""}",0,0,314,1079,4,926,3,290915,0,0,98964,340182,0,0,0,1784464633022
1623,331.35,2621111,535117,Australia-Oceania,New Zealand,"{""_id"": 554, ""iso2"": ""NZ"", ""iso3"": ""NZL"", ""lat"": -41, ""long"": 174, ""flag"": ""https://disease.sh/assets/img/flags/nz.png""}",0,0,5697,1163,2,860,1,4898203,2613791,533622.43,7768604,1586011,0,0,0,1784464632919
14041,2071.22,18491,2728,North America,Nicaragua,"{""_id"": 558, ""iso2"": ""NI"", ""iso3"": ""NIC"", ""lat"": 13, ""long"": -85, ""flag"": ""https://disease.sh/assets/img/flags/ni.png""}",0,0,225,33,367,30129,0,6779100,4225,623.24,0,0,0,0,0,1784464633072
729,27.95,9931,381,Africa,Niger,"{""_id"": 562, ""iso2"": ""NE"", ""iso3"": ""NER"", ""lat"": 16, ""long"": 8, ""flag"": ""https://disease.sh/assets/img/flags/ne.png""}",1,0.04,312,12,2626,83601,102,26083660,8890,340.83,254538,9759,0,0,0,1784464633095
4080,18.82,267188,1233,Africa,Nigeria,"{""_id"": 566, ""iso2"": ""NG"", ""iso3"": ""NGA"", ""lat"": 10, ""long"": 8, ""flag"": ""https://disease.sh/assets/img/flags/ng.png""}",11,0.05,3155,15,811,68700,38,216746934,259953,1199.34,5708974,26339,0,0,0,1784464632989
3,1849.57,1059,652898,Australia-Oceania,Niue,"{""_id"": 570, ""iso2"": ""NU"", ""iso3"": ""NIU"", ""lat"": -19.0333, ""long"": -169.8667, ""flag"": ""https://disease.sh/assets/img/flags/nu.png""}",0,0,0,0,2,0,0,1622,1056,651048.09,0,0,0,0,0,1784464633121
0,0,1509732,273930,Europe,Norway,"{""_id"": 578, ""iso2"": ""NO"", ""iso3"": ""NOR"", ""lat"": 62, ""long"": 10, ""flag"": ""https://disease.sh/assets/img/flags/no.png""}",0,0,6638,1204,4,830,1,5511370,1503094,272726.02,11002430,1996315,0,0,0,1784464632930
394821,74158.81,399449,75028,Asia,Oman,"{""_id"": 512, ""iso2"": ""OM"", ""iso3"": ""OMN"", ""lat"": 21, ""long"": 57, ""flag"": ""https://disease.sh/assets/img/flags/om.png""}",0,0,4628,869,13,1150,0,5323993,0,0,25000000,4695724,0,0,0,1784464632979
12583,54.83,1581936,6893,Asia,Pakistan,"{""_id"": 586, ""iso2"": ""PK"", ""iso3"": ""PAK"", ""lat"": 30, ""long"": 70, ""flag"": ""https://disease.sh/assets/img/flags/pk.png""}",0,0,30664,134,145,7484,8,229488994,1538689,6704.85,30589153,133292,0,0,0,1784464632928
4,219.38,6290,344979,Australia-Oceania,Palau,"{""_id"": 585, ""iso2"": ""PW"", ""iso3"": ""PLW"", ""lat"": 7.5, ""long"": 134.5, ""flag"": ""https://disease.sh/assets/img/flags/pw.png""}",0,0,10,548,3,1823,0,18233,6276,344211.05,71434,3917841,0,0,0,1784464633109
159,29.74,621008,116173,Asia,Palestine,"{""_id"": 275, ""iso2"": ""PS"", ""iso3"": ""PSE"", ""lat"": 32, ""long"": 35.25, ""flag"": ""https://disease.sh/assets/img/flags/ps.png""}",0,0,5404,1011,9,989,2,5345541,615445,115132.41,3078533,575907,0,0,0,1784464632970
64,14.39,1059893,238341,North America,Panama,"{""_id"": 591, ""iso2"": ""PA"", ""iso3"": ""PAN"", ""lat"": 9, ""long"": -80, ""flag"": ""https://disease.sh/assets/img/flags/pa.png""}",16,3.6,8727,1962,4,510,1,4446964,1051102,236363.96,7882622,1772585,0,0,0,1784464632945
26,2.8,46864,5043,Australia-Oceania,Papua New Guinea,"{""_id"": 598, ""iso2"": ""PG"", ""iso3"": ""PNG"", ""lat"": -6, ""long"": 147, ""flag"": ""https://disease.sh/assets/img/flags/pg.png""}",0,0,670,72,198,13869,37,9292169,46168,4968.48,249149,26813,0,0,0,1784464633041
817447,111889.48,837602,114648,South America,Paraguay,"{""_id"": 600, ""iso2"": ""PY"", ""iso3"": ""PRY"", ""lat"": -23, ""long"": -58, ""flag"": ""https://disease.sh/assets/img/flags/py.png""}",0,0,20155,2759,9,362,3,7305843,0,0,2657506,363751,0,0,0,1784464632955
0,0,4572667,135751,South America,Peru,"{""_id"": 604, ""iso2"": ""PE"", ""iso3"": ""PER"", ""lat"": -10, ""long"": -76, ""flag"": ""https://disease.sh/assets/img/flags/pe.png""}",4,0.12,222161,6595,7,152,1,33684208,4350506,129155.66,39010194,1158115,0,0,0,1784464632905
6138,54.56,4140383,36800,Asia,Philippines,"{""_id"": 608, ""iso2"": ""PH"", ""iso3"": ""PHL"", ""lat"": 13, ""long"": 122, ""flag"": ""https://disease.sh/assets/img/flags/ph.png""}",0,0,66864,594,27,1683,3,112508994,4067381,36151.61,36102746,320888,0,0,0,1784464632909
6541393,173328.84,6661991,176524,Europe,Poland,"{""_id"": 616, ""iso2"": ""PL"", ""iso3"": ""POL"", ""lat"": 52, ""long"": 20, ""flag"": ""https://disease.sh/assets/img/flags/pl.png""}",0,0,120598,3196,6,313,1,37739785,0,0,39323709,1041970,0,0,0,1784464632885
127,12.52,5643062,556484,Europe,Portugal,"{""_id"": 620, ""iso2"": ""PT"", ""iso3"": ""PRT"", ""lat"": 39.5, ""long"": -8, ""flag"": ""https://disease.sh/assets/img/flags/pt.png""}",61,6.02,28126,2774,2,361,0,10140570,5614809,553697.57,46139518,4549993,0,0,0,1784464632891
147,49.33,514524,172664,Asia,Qatar,"{""_id"": 634, ""iso2"": ""QA"", ""iso3"": ""QAT"", ""lat"": 25.5, ""long"": 51.25, ""flag"": ""https://disease.sh/assets/img/flags/qa.png""}",16,5.37,690,232,6,4319,1,2979915,513687,172383.1,4065369,1364257,0,0,0,1784464632973
657,34.52,3529735,185470,Europe,Romania,"{""_id"": 642, ""iso2"": ""RO"", ""iso3"": ""ROU"", ""lat"": 46, ""long"": 25, ""flag"": ""https://disease.sh/assets/img/flags/ro.png""}",21,1.1,68929,3622,5,276,1,19031335,3460149,181813.26,28758667,1511122,0,0,390,1784464632911
175641,1204.62,24124215,165454,Europe,Russia,"{""_id"": 643, ""iso2"": ""RU"", ""iso3"": ""RUS"", ""lat"": 60, ""long"": 100, ""flag"": ""https://disease.sh/assets/img/flags/ru.png""}",0,0,402756,2762,6,362,1,145805947,23545818,161487.36,273400000,1875095,0,0,0,1784464632869
11,0.81,133518,9817,Africa,Rwanda,"{""_id"": 646, ""iso2"": ""RW"", ""iso3"": ""RWA"", ""lat"": -2, ""long"": 30, ""flag"": ""https://disease.sh/assets/img/flags/rw.png""}",0,0,1468,108,102,9265,2,13600464,132039,9708.42,6021981,442778,0,0,0,1784464633009
493674,543657.31,494595,544672,Africa,Réunion,"{""_id"": 638, ""iso2"": ""RE"", ""iso3"": ""REU"", ""lat"": -21.1, ""long"": 55.6, ""flag"": ""https://disease.sh/assets/img/flags/re.png""}",0,0,921,1014,2,986,1,908061,0,0,1603660,1766027,0,0,0,1784464632976
0,0,34571873,673523,Asia,S. Korea,"{""_id"": 410, ""iso2"": ""KR"", ""iso3"": ""KOR"", ""lat"": 37, ""long"": 127.5, ""flag"": ""https://disease.sh/assets/img/flags/kr.png""}",0,0,35934,700,1,1428,3,51329899,34535939,672823.05,15804065,307892,0,0,0,1784464632864
2164,353883.89,2166,354211,Africa,Saint Helena,"{""_id"": 654, ""iso2"": ""SH"", ""iso3"": ""SHN"", ""lat"": -15.9333, ""long"": -5.7, ""flag"": ""https://disease.sh/assets/img/flags/sh.png""}",0,0,0,0,3,0,0,6115,2,327.06,0,0,0,0,0,1784464633117
0,0,6607,122645,North America,Saint Kitts and Nevis,"{""_id"": 659, ""iso2"": ""KN"", ""iso3"": ""KNA"", ""lat"": 17.3333, ""long"": -62.75, ""flag"": ""https://disease.sh/assets/img/flags/kn.png""}",0,0,48,891,8,1122,0,53871,6559,121753.82,126958,2356704,0,0,0,1784464633108
0,0,30215,163225,North America,Saint Lucia,"{""_id"": 662, ""iso2"": ""LC"", ""iso3"": ""LCA"", ""lat"": 13.8833, ""long"": -61.1333, ""flag"": ""https://disease.sh/assets/img/flags/lc.png""}",0,0,410,2215,6,451,1,185113,29805,161009.76,210983,1139752,0,0,0,1784464633054
12261,308608.1,12324,310194,North America,Saint Martin,"{""_id"": 663, ""iso2"": ""MF"", ""iso3"": ""MAF"", ""lat"": 18.11, ""long"": -63.03, ""flag"": ""https://disease.sh/assets/img/flags/mf.png""}",0,0,63,1586,3,631,0,39730,0,0,112382,2828643,0,0,0,1784464633086
1001,173814.9,3452,599410,North America,Saint Pierre Miquelon,"{""_id"": 666, ""iso2"": ""PM"", ""iso3"": ""SPM"", ""lat"": 46.8333, ""long"": -56.3333, ""flag"": ""https://disease.sh/assets/img/flags/pm.png""}",0,0,2,347,2,2880,0,5759,2449,425247.44,25400,4410488,0,0,0,1784464633115
57,510.98,9674,86723,North America,Saint Vincent and the Grenadines,"{""_id"": 670, ""iso2"": ""VC"", ""iso3"": ""VCT"", ""lat"": 13.25, ""long"": -61.2, ""flag"": ""https://disease.sh/assets/img/flags/vc.png""}",0,0,124,1112,12,900,1,111551,9493,85100.09,114197,1023720,0,0,0,1784464633096
15370,75999.19,17006,84089,Australia-Oceania,Samoa,"{""_id"": 882, ""iso2"": ""WS"", ""iso3"": ""WSM"", ""lat"": -13.5833, ""long"": -172.3333, ""flag"": ""https://disease.sh/assets/img/flags/ws.png""}",0,0,31,153,12,6524,1,202239,1605,7936.15,187397,926612,0,0,0,1784464633077
46,1349.57,26185,768226,Europe,San Marino,"{""_id"": 674, ""iso2"": ""SM"", ""iso3"": ""SMR"", ""lat"": 43.7667, ""long"": 12.4167, ""flag"": ""https://disease.sh/assets/img/flags/sm.png""}",0,0,128,3755,1,266,0,34085,26011,763121.61,196855,5775414,0,0,0,1784464633059
13,57.1,6778,29770,Africa,Sao Tome and Principe,"{""_id"": 678, ""iso2"": ""ST"", ""iso3"": ""STP"", ""lat"": 1, ""long"": 7, ""flag"": ""https://disease.sh/assets/img/flags/st.png""}",0,0,80,351,34,2846,8,227679,6685,29361.51,29600,130008,0,0,0,1784464633106
831823,23206.17,841469,23475,Asia,Saudi Arabia,"{""_id"": 682, ""iso2"": ""SA"", ""iso3"": ""SAU"", ""lat"": 25, ""long"": 45, ""flag"": ""https://disease.sh/assets/img/flags/sa.png""}",0,0,9646,269,43,3716,1,35844909,0,0,45481735,1268848,0,0,0,1784464632954
58,3.29,89053,5044,Africa,Senegal,"{""_id"": 686, ""iso2"": ""SN"", ""iso3"": ""SEN"", ""lat"": 14, ""long"": -14, ""flag"": ""https://disease.sh/assets/img/flags/sn.png""}",0,0,1971,112,198,8957,15,17653671,87024,4929.51,1146543,64946,0,0,0,1784464633019
389,44.96,2615054,302213,Europe,Serbia,"{""_id"": 688, ""iso2"": ""RS"", ""iso3"": ""SRB"", ""lat"": 44, ""long"": 21, ""flag"": ""https://disease.sh/assets/img/flags/rs.png""}",0,0,18057,2087,3,479,1,8653016,2596608,300081.27,13463733,1555958,0,0,0,1784464632920
0,0,51220,515157,Africa,Seychelles,"{""_id"": 690, ""iso2"": ""SC"", ""iso3"": ""SYC"", ""lat"": -4.5833, ""long"": 55.6667, ""flag"": ""https://disease.sh/assets/img/flags/sc.png""}",0,0,172,1730,2,578,0,99426,51048,513427.07,0,0,0,0,0,1784464633038
7653,921.33,7779,937,Africa,Sierra Leone,"{""_id"": 694, ""iso2"": ""SL"", ""iso3"": ""SLE"", ""lat"": 8.5, ""long"": -11.5, ""flag"": ""https://disease.sh/assets/img/flags/sl.png""}",0,0,126,15,1068,65924,32,8306436,0,0,259958,31296,0,0,0,1784464633102
0,0,3006155,505785,Asia,Singapore,"{""_id"": 702, ""iso2"": ""SG"", ""iso3"": ""SGP"", ""lat"": 1.3667, ""long"": 103.8, ""flag"": ""https://disease.sh/assets/img/flags/sg.png""}",4,0.67,2024,341,2,2937,0,5943546,3004131,505444.22,24756666,4165302,0,0,0,1784464632914
54,1228.22,11051,251353,North America,Sint Maarten,"{""_id"": 534, ""iso2"": ""SX"", ""iso3"": ""SXM"", ""lat"": 18.02, ""long"": -63.06, ""flag"": ""https://disease.sh/assets/img/flags/sx.png""}",0,0,92,2093,4,478,1,43966,10905,248032.57,62056,1411454,0,0,0,1784464633092
0,0,1877605,343872,Europe,Slovakia,"{""_id"": 703, ""iso2"": ""SK"", ""iso3"": ""SVK"", ""lat"": 48.6667, ""long"": 19.5, ""flag"": ""https://disease.sh/assets/img/flags/sk.png""}",23,4.21,21224,3887,3,257,1,5460193,1856381,339984.5,7448789,1364199,0,0,0,1784464632924
22,10.59,1356546,652803,Europe,Slovenia,"{""_id"": 705, ""iso2"": ""SI"", ""iso3"": ""SVN"", ""lat"": 46, ""long"": 15, ""flag"": ""https://disease.sh/assets/img/flags/si.png""}",0,0,7100,3417,2,293,1,2078034,1349424,649375.32,2847701,1370382,0,0,0,1784464632933
25755,35713.34,25954,35989,Australia-Oceania,Solomon Islands,"{""_id"": 90, ""iso2"": ""SB"", ""iso3"": ""SLB"", ""lat"": -8, ""long"": 159, ""flag"": ""https://disease.sh/assets/img/flags/sb.png""}",0,0,199,276,28,3624,0,721159,0,0,0,0,0,0,0,1784464633060
12791,759.48,27334,1623,Africa,Somalia,"{""_id"": 706, ""iso2"": ""SO"", ""iso3"": ""SOM"", ""lat"": 10, ""long"": 49, ""flag"": ""https://disease.sh/assets/img/flags/so.png""}",0,0,1361,81,616,12375,42,16841795,13182,782.7,400466,23778,0,0,0,1784464633057
61362,1009.97,4076463,67095,Africa,South Africa,"{""_id"": 710, ""iso2"": ""ZA"", ""iso3"": ""ZAF"", ""lat"": -29, ""long"": 24, ""flag"": ""https://disease.sh/assets/img/flags/za.png""}",192,3.16,102595,1689,15,592,2,60756135,3912506,64396.89,26795090,441027,0,0,0,1784464632910
557,47.94,18819,1620,Africa,South Sudan,"{""_id"": 728, ""iso2"": ""SS"", ""iso3"": ""SSD"", ""lat"": 6.8769, ""long"": 31.3069, ""flag"": ""https://disease.sh/assets/img/flags/ss.png""}",1,0.09,147,13,617,79037,28,11618511,18115,1559.15,410280,35313,0,0,0,1784464633070
30634,655.71,13914811,297840,Europe,Spain,"{""_id"": 724, ""iso2"": ""ES"", ""iso3"": ""ESP"", ""lat"": 40, ""long"": -4, ""flag"": ""https://disease.sh/assets/img/flags/es.png""}",231,4.94,121760,2606,3,384,0,46719142,13762417,294577.69,471036328,10082298,0,0,0,1784464632872
5,0.23,672754,31181,Asia,Sri Lanka,"{""_id"": 144, ""iso2"": ""LK"", ""iso3"": ""LKA"", ""lat"": 7, ""long"": 81, ""flag"": ""https://disease.sh/assets/img/flags/lk.png""}",0,0,16897,783,32,1277,3,21575842,655852,30397.52,6486117,300619,0,0,0,1784464632965
5501,553142.28,5507,553746,North America,St. Barth,"{""_id"": 652, ""iso2"": ""BL"", ""iso3"": ""BLM"", ""lat"": 17.89, ""long"": -62.82, ""flag"": ""https://disease.sh/assets/img/flags/bl.png""}",0,0,6,603,2,1658,0,9945,0,0,78646,7908095,0,0,0,1784464633110
0,0,63993,1391,Africa,Sudan,"{""_id"": 729, ""iso2"": ""SD"", ""iso3"": ""SDN"", ""lat"": 15, ""long"": 30, ""flag"": ""https://disease.sh/assets/img/flags/sd.png""}",0,0,5046,110,719,9115,82,45992020,58947,1281.68,562941,12240,0,0,0,1784464633031
81180,136018.4,82588,138378,South America,Suriname,"{""_id"": 740, ""iso2"": ""SR"", ""iso3"": ""SUR"", ""lat"": 4, ""long"": -56, ""flag"": ""https://disease.sh/assets/img/flags/sr.png""}",0,0,1408,2359,7,424,2,596831,0,0,242207,405822,0,0,0,1784464633021
648,546.92,75191,63462,Africa,Swaziland,"{""_id"": 748, ""iso2"": ""SZ"", ""iso3"": ""SWZ"", ""lat"": -26.5, ""long"": 31.5, ""flag"": ""https://disease.sh/assets/img/flags/sz.png""}",0,0,1427,1204,16,830,1,1184817,73116,61710.8,1048704,885119,0,0,0,1784464633025
230,22.51,2754129,269511,Europe,Sweden,"{""_id"": 752, ""iso2"": ""SE"", ""iso3"": ""SWE"", ""lat"": 62, ""long"": 15, ""flag"": ""https://disease.sh/assets/img/flags/se.png""}",0,0,27407,2682,4,373,1,10218971,2726492,266806.9,19500873,1908301,0,0,20,1784464632916
292,33.28,4453053,507549,Europe,Switzerland,"{""_id"": 756, ""iso2"": ""CH"", ""iso3"": ""CHE"", ""lat"": 47, ""long"": 8, ""flag"": ""https://disease.sh/assets/img/flags/ch.png""}",0,0,14452,1647,2,607,0,8773637,4438309,505868.77,23833472,2716487,0,0,0,1784464632907
0,0,57743,2982,Asia,Syrian Arab Republic,"{""_id"": 760, ""iso2"": ""SY"", ""iso3"": ""SYR"", ""lat"": 35, ""long"": 38, ""flag"": ""https://disease.sh/assets/img/flags/sy.png""}",0,0,3165,163,335,6118,132,19364809,54578,2818.41,146269,7553,0,0,0,1784464633036
0,0,10241523,428720,Asia,Taiwan,"{""_id"": 158, ""iso2"": ""TW"", ""iso3"": ""TWN"", ""lat"": 23.5, ""long"": 121, ""flag"": ""https://disease.sh/assets/img/flags/tw.png""}",0,0,19005,796,2,1257,1,23888595,10222518,427924.62,30742304,1286903,0,0,0,1784464632876
397,39.87,17786,1786,Asia,Tajikistan,"{""_id"": 762, ""iso2"": ""TJ"", ""iso3"": ""TJK"", ""lat"": 39, ""long"": 71, ""flag"": ""https://disease.sh/assets/img/flags/tj.png""}",0,0,125,13,560,79660,0,9957464,17264,1733.77,0,0,0,0,0,1784464633073
42377,669.48,43223,683,Africa,Tanzania,"{""_id"": 834, ""iso2"": ""TZ"", ""iso3"": ""TZA"", ""lat"": -6, ""long"": 35, ""flag"": ""https://disease.sh/assets/img/flags/tz.png""}",0,0,846,13,1464,74821,0,63298550,0,0,0,0,0,0,0,1784464633043
42927,612.56,4770149,68069,Asia,Thailand,"{""_id"": 764, ""iso2"": ""TH"", ""iso3"": ""THA"", ""lat"": 15, ""long"": 100, ""flag"": ""https://disease.sh/assets/img/flags/th.png""}",0,0,34586,494,15,2026,4,70078203,4692636,66962.85,17273454,246488,0,0,0,1784464632902
220,160.65,23460,17131,Asia,Timor-Leste,"{""_id"": 626, ""iso2"": ""TL"", ""iso3"": ""TLS"", ""lat"": -8.55, ""long"": 125.5167, ""flag"": ""https://disease.sh/assets/img/flags/tl.png""}",0,0,138,101,58,9923,5,1369429,23102,16869.8,278529,203391,0,0,0,1784464633063
1,0.12,39572,4559,Africa,Togo,"{""_id"": 768, ""iso2"": ""TG"", ""iso3"": ""TGO"", ""lat"": 8, ""long"": 1.1667, ""flag"": ""https://disease.sh/assets/img/flags/tg.png""}",0,0,290,33,219,29934,11,8680837,39281,4525.02,815204,93908,0,0,0,1784464633046
80,58055.15,80,58055,Australia-Oceania,Tokelau,"{""_id"": 772, ""iso2"": ""TK"", ""iso3"": ""TKL"", ""lat"": -9, ""long"": -172, ""flag"": ""https://disease.sh/assets/img/flags/tk.png""}",0,0,0,0,17,0,0,1378,0,0,0,0,0,0,0,1784464633123
1299,12055.8,16950,157310,Australia-Oceania,Tonga,"{""_id"": 776, ""iso2"": ""TO"", ""iso3"": ""TON"", ""lat"": -20, ""long"": -175, ""flag"": ""https://disease.sh/assets/img/flags/to.png""}",0,0,13,121,6,8288,0,107749,15638,145133.6,535009,4965327,0,0,0,1784464633078
28,19.91,191496,136143,North America,Trinidad and Tobago,"{""_id"": 780, ""iso2"": ""TT"", ""iso3"": ""TTO"", ""lat"": 11, ""long"": -61, ""flag"": ""https://disease.sh/assets/img/flags/tt.png""}",0,0,4390,3121,7,320,2,1406585,187078,133001.56,913289,649295,0,0,0,1784464633001
1123938,93298.75,1153361,95741,Africa,Tunisia,"{""_id"": 788, ""iso2"": ""TN"", ""iso3"": ""TUN"", ""lat"": 34, ""long"": 9, ""flag"": ""https://disease.sh/assets/img/flags/tn.png""}",0,0,29423,2442,10,409,2,12046656,0,0,5013383,416164,0,0,0,1784464632941
17129892,200204.49,17232066,201399,Asia,Turkey,"{""_id"": 792, ""iso2"": ""TR"", ""iso3"": ""TUR"", ""lat"": 39, ""long"": 35, ""flag"": ""https://disease.sh/assets/img/flags/tr.png""}",0,0,102174,1194,5,837,1,85561976,0,0,162743369,1902052,0,0,0,1784464632871
3,75.49,6752,169900,North America,Turks and Caicos Islands,"{""_id"": 796, ""iso2"": ""TC"", ""iso3"": ""TCA"", ""lat"": 21.75, ""long"": -71.5833, ""flag"": ""https://disease.sh/assets/img/flags/tc.png""}",4,100.65,40,1007,6,994,0,39741,6709,168818.1,616788,15520193,0,0,0,1784464633107
2942,243825.63,2943,243909,Australia-Oceania,Tuvalu,"{""_id"": 798, ""iso2"": ""TV"", ""iso3"": ""TUV"", ""lat"": -8, ""long"": 178, ""flag"": ""https://disease.sh/assets/img/flags/tv.png""}",0,0,1,83,4,12066,0,12066,0,0,0,0,0,0,0,1784464633116
1064681,105604.41,1067030,105837,Asia,UAE,"{""_id"": 784, ""iso2"": ""AE"", ""iso3"": ""ARE"", ""lat"": 24, ""long"": 54, ""flag"": ""https://disease.sh/assets/img/flags/ae.png""}",0,0,2349,233,9,4292,0,10081785,0,0,200732262,19910389,0,0,0,1784464632944
0,0,24910387,363666,Europe,UK,"{""_id"": 826, ""iso2"": ""GB"", ""iso3"": ""GBR"", ""lat"": 54, ""long"": -2, ""flag"": ""https://disease.sh/assets/img/flags/gb.png""}",0,0,232112,3389,3,295,0,68497907,24678275,360277.8,522526476,7628357,0,0,0,1784464632868
786167,2348.13,111820082,333985,North America,USA,"{""_id"": 840, ""iso2"": ""US"", ""iso3"": ""USA"", ""lat"": 38, ""long"": -97, ""flag"": ""https://disease.sh/assets/img/flags/us.png""}",940,2.81,1219487,3642,3,275,0,334805269,109814428,327994.92,1186851502,3544901,0,0,0,1784464632855
68086,1405.78,172149,3554,Africa,Uganda,"{""_id"": 800, ""iso2"": ""UG"", ""iso3"": ""UGA"", ""lat"": 1, ""long"": 32, ""flag"": ""https://disease.sh/assets/img/flags/ug.png""}",0,0,3632,75,281,13335,16,48432863,100431,2073.61,3012408,62198,0,0,0,1784464633004
0,0,5557995,128681,Europe,Ukraine,"{""_id"": 804, ""iso2"": ""UA"", ""iso3"": ""UKR"", ""lat"": 49, ""long"": 32, ""flag"": ""https://disease.sh/assets/img/flags/ua.png""}",0,0,112418,2603,8,384,1,43192122,5445577,126078.01,32603805,754855,0,0,0,1784464632892
2503,715.96,1041111,297799,South America,Uruguay,"{""_id"": 858, ""iso2"": ""UY"", ""iso3"": ""URY"", ""lat"": -33, ""long"": -56, ""flag"": ""https://disease.sh/assets/img/flags/uy.png""}",18,5.15,7664,2192,3,456,1,3496016,1030944,294891.1,6114822,1749083,0,0,0,1784464632946
10539,306.53,253662,7378,Asia,Uzbekistan,"{""_id"": 860, ""iso2"": ""UZ"", ""iso3"": ""UZB"", ""lat"": 41, ""long"": 64, ""flag"": ""https://disease.sh/assets/img/flags/uz.png""}",23,0.67,1637,48,136,21003,25,34382084,241486,7023.6,1377915,40077,0,0,0,1784464632991
29,90.11,12019,37346,Australia-Oceania,Vanuatu,"{""_id"": 548, ""iso2"": ""VU"", ""iso3"": ""VUT"", ""lat"": -16, ""long"": 167, ""flag"": ""https://disease.sh/assets/img/flags/vu.png""}",0,0,14,44,27,22988,13,321832,11976,37211.96,24976,77606,0,0,0,1784464633087
302,10.32,552695,18885,South America,Venezuela,"{""_id"": 862, ""iso2"": ""VE"", ""iso3"": ""VEN"", ""lat"": 8, ""long"": -66, ""flag"": ""https://disease.sh/assets/img/flags/ve.png""}",31,1.06,5856,200,53,4998,9,29266991,546537,18674.18,3359014,114771,0,0,0,1784464632971
941018,9509.7,11625195,117481,Asia,Vietnam,"{""_id"": 704, ""iso2"": ""VN"", ""iso3"": ""VNM"", ""lat"": 21, ""long"": 105.8, ""flag"": ""https://disease.sh/assets/img/flags/vn.png""}",0,0,43206,437,9,2290,1,98953541,10640971,107535.02,85826548,867342,0,0,0,1784464632875
3104,282644.33,3550,323256,Australia-Oceania,Wallis and Futuna,"{""_id"": 876, ""iso2"": ""WF"", ""iso3"": ""WLF"", ""lat"": -13.3, ""long"": -176.2, ""flag"": ""https://disease.sh/assets/img/flags/wf.png""}",0,0,8,728,3,1373,1,10982,438,39883.45,20508,1867419,0,0,0,1784464633114
0,0,10,16,Africa,Western Sahara,"{""_id"": 732, ""iso2"": ""EH"", ""iso3"": ""ESH"", ""lat"": 24.5, ""long"": -13, ""flag"": ""https://disease.sh/assets/img/flags/eh.png""}",0,0,1,2,62616,626161,0,626161,9,14.37,0,0,0,0,0,1784464633125
662,21.25,11945,383,Asia,Yemen,"{""_id"": 887, ""iso2"": ""YE"", ""iso3"": ""YEM"", ""lat"": 15, ""long"": 48, ""flag"": ""https://disease.sh/assets/img/flags/ye.png""}",0,0,2159,69,2608,14430,95,31154867,9124,292.86,329592,10579,0,0,0,1784464633090
3919,201.28,349304,17940,Africa,Zambia,"{""_id"": 894, ""iso2"": ""ZM"", ""iso3"": ""ZMB"", ""lat"": -15, ""long"": 30, ""flag"": ""https://disease.sh/assets/img/flags/zm.png""}",0,0,4069,209,56,4785,5,19470234,341316,17530.14,4112961,211244,0,0,0,1784464632982
1731,112.91,266359,17373,Africa,Zimbabwe,"{""_id"": 716, ""iso2"": ""ZW"", ""iso3"": ""ZWE"", ""lat"": -20, ""long"": 30, ""flag"": ""https://disease.sh/assets/img/flags/zw.png""}",12,0.78,5740,374,58,2671,6,15331428,258888,16886.1,2525756,164744,0,0,0,1784464632990
